system,question,answerable,correct,complete,faithful,latency_s,answer
baseline,"If I have both Medicare and Medicaid, and I need a medical device replaced under warranty, how are the costs covered?",True,False,False,True,2.39,I don't know.
agent,"If I have both Medicare and Medicaid, and I need a medical device replaced under warranty, how are the costs covered?",True,False,False,True,14.64,"I couldn't find a fully supported answer in the documents. Closest attempt:

The context does not provide specific information about how costs are covered for a medical device replacement under warranty when a beneficiary has both Medicare and Medicaid. However, it does state that if equipment or a device is replaced free of charge by the warrantor, no program payment may be made by Medicare, since there was no charge involved [3]. If the replacement device is substituted from another manufacturer because the original was not acceptable, payment may be made for the replaced device [3]. 

For Medicaid, the coverage details would depend on the specific state program, which is not detailed in the provided context. Therefore, I cannot provide information on how Medicaid would cover the costs in this scenario. 

In summary, while Medicare has specific rules regarding warranty replacements, the context does not include information on Medicaid's coverage for such situations."
baseline,"If I go for a wellness visit and my doctor suggests extra tests, will Medicare cover them, or will I have to pay out of pocket?",True,True,False,True,1.35,"If your doctor suggests extra tests during your wellness visit that Medicare doesn’t cover under this preventive benefit, you may have to pay coinsurance, and the Part B deductible may apply. If Medicare doesn’t cover the additional tests or services, you may have to pay the full amount out of pocket [1][3]."
agent,"If I go for a wellness visit and my doctor suggests extra tests, will Medicare cover them, or will I have to pay out of pocket?",True,True,True,True,3.84,"If you go for a wellness visit and your doctor suggests extra tests that Medicare doesn’t cover under this preventive benefit, you may have to pay coinsurance, and the Part B deductible may apply [2][3]. If Medicare doesn’t cover the additional tests or services (like a routine physical exam), you may have to pay the full amount out of pocket [2][3]."
baseline,"If my family member with Parkinson's needs therapy to maintain their current abilities, what kind of therapy services can Medicare cover, and who provides them?",True,False,False,True,3.58,"Medicare covers therapy services that are considered reasonable and necessary for maintaining a patient's current abilities, such as those required after a rehabilitative therapy program. In the case of a Parkinson's patient, a qualified therapist may be needed to design a maintenance program appropriate to the patient's capacity and tolerance. This therapy can be provided by enrolled therapists, physicians, or non-physician practitioners (NPP) who meet the requirements in Medicare manuals for therapy services [1][5]. 

However, it's important to note that the services of a qualified professional are not necessary for carrying out a maintenance program under ordinary circumstances, and such programs may not be covered unless the patient's safety is at risk [5]."
agent,"If my family member with Parkinson's needs therapy to maintain their current abilities, what kind of therapy services can Medicare cover, and who provides them?",True,True,True,True,5.84,"Medicare covers therapy services for conditions like Parkinson's under specific conditions. The therapy services that may be covered include outpatient physical therapy, occupational therapy, and speech-language pathology services, as long as they are skilled rehabilitative services provided according to the standards and conditions in CMS manuals [1][6]. 

These services must be rendered by qualified professionals, which include physical therapists, occupational therapists, and speech-language pathologists [6]. The services must also be considered reasonable and necessary, meaning they should be specific and effective treatments for the patient's condition, and they must be provided under a therapy plan of care [5][4].

However, it is important to note that services aimed solely at maintaining function after a maintenance program has been developed may not be covered if they are deemed unskilled or not appropriate for the setting [4][5]. Therefore, it is crucial to ensure that the therapy provided is skilled and meets Medicare's coverage criteria. 

For specific questions about coverage and to confirm eligibility, it is advisable to consult the Medicare Coverage Database or contact Medicare contractors [2]."
baseline,"How does Medicare handle payments for visits to community health centers, especially for eye exams?",True,True,False,False,1.91,"Medicare covers services provided by Federally Qualified Health Centers (FQHCs), which may include eye exams if they are medically necessary. There is no deductible for these services, and you usually pay 20% of the charges or the Medicare-approved amount. Additionally, you pay nothing for most preventive services. However, routine eye exams for prescription eyeglasses and contact lenses are not covered by Medicare [1][5]. 

For glaucoma screenings, Medicare will pay for these examinations if they are performed by an ophthalmologist or optometrist under the appropriate conditions, and they are considered RHC/FQHC services [3][4]."
agent,"How does Medicare handle payments for visits to community health centers, especially for eye exams?",True,True,True,False,7.03,"Medicare covers services provided at Federally Qualified Health Centers (FQHCs), which may include eye exams if they are medically necessary. For services at FQHCs, there is no deductible, and you usually pay 20% of the charges or the Medicare-approved amount [1]. Additionally, for glaucoma screenings, Medicare covers these examinations once every 12 months for individuals at high risk, which includes those with diabetes, a family history of glaucoma, or African Americans aged 50 and over [2][5]. 

The payment for glaucoma screening at FQHCs is made under an all-inclusive rate based on the visit, and the beneficiary's coinsurance and deductible are waived for preventive services [6][7]. However, for medically necessary eye exams or treatments, the standard Part B deductible and coinsurance apply [2]. 

In summary, while Medicare covers eye exams at community health centers, the specifics of payment depend on whether the services are preventive or medically necessary, with different cost-sharing rules applying."
baseline,"If I have kidney failure and need dialysis, can I get help with my anemia treatment and still choose a Medicare Advantage Plan?",True,True,True,True,1.74,"Yes, if you have kidney failure and need dialysis, you can choose a Medicare Advantage Plan. Additionally, EPO (a treatment for anemia) is covered for patients with chronic renal failure who are on dialysis, regardless of whether the drug is administered by the patient or a caregiver [2]. However, it's important to check with the Medicare Advantage Plan to ensure that your doctors and providers are in the plan’s network and to understand the coverage details [1]."
agent,"If I have kidney failure and need dialysis, can I get help with my anemia treatment and still choose a Medicare Advantage Plan?",True,True,True,True,4.29,"Yes, if you have kidney failure and need dialysis, you can choose a Medicare Advantage Plan. Additionally, Medicare covers EPO (Erythropoietin) for the treatment of anemia for patients with chronic renal failure who are on dialysis, regardless of whether the drug is administered by the patient or a caregiver [5]. However, you should check with the Medicare Advantage Plan to ensure that your doctors and providers are in the plan’s network and to understand the coverage details for your specific situation [1]."
baseline,Can Medicare cover both the testing and treatment for sleep disorders if I'm not staying in the hospital?,True,True,False,False,1.23,"Yes, Medicare may cover both diagnostic testing and therapeutic services for sleep disorders even if you are not staying in the hospital. Diagnostic services can be covered if the sleep disorder clinic is affiliated with a hospital or under the direction of physicians, and therapeutic services may also be covered in a hospital outpatient setting or a freestanding facility, provided they meet the necessary requirements and are performed under direct supervision of a physician [1][3]."
agent,Can Medicare cover both the testing and treatment for sleep disorders if I'm not staying in the hospital?,True,True,True,True,5.25,"Yes, Medicare can cover both the testing and treatment for sleep disorders even if you are not staying in the hospital, provided certain conditions are met. 

1. **Diagnostic Testing**: Medicare covers reasonable and necessary diagnostic tests for sleep disorders if the clinic is either hospital-affiliated or under the direction and control of physicians, patients are referred by their attending physicians, and the need for testing is confirmed by medical evidence [1][2]. 

2. **Therapeutic Services**: Therapeutic services may also be covered in a hospital outpatient setting or in a freestanding facility, as long as they meet the pertinent requirements and are performed under the direct supervision of a physician [6].

However, it is important to note that the specific conditions and requirements for coverage must be satisfied, and not all services may be covered under all circumstances. For example, chronic insomnia diagnosis is not covered under Medicare [5]."
baseline,Will Medicare cover physical therapy for someone who can't walk but needs to learn how to move in bed and use a wheelchair?,True,True,False,True,1.48,"Yes, Medicare will cover physical therapy for someone who cannot walk but needs to learn how to move in bed and use a wheelchair, provided that the services are reasonable and necessary and documented in the medical record. The therapy must aim to restore lost functions, and if there is a reasonable potential for achieving those functions in a reasonable period of time, the services would be covered [3]."
agent,Will Medicare cover physical therapy for someone who can't walk but needs to learn how to move in bed and use a wheelchair?,True,True,True,True,4.72,"Medicare may cover physical therapy services for a patient who cannot walk but requires assistance in learning bed mobility and transferring skills, as well as functional activities at the wheelchair level, provided that the patient has a reasonable potential to achieve those functions in a reasonable period of time, considering their overall condition [6]. The services must be documented as reasonable and necessary, and they should be skilled therapy services rendered by qualified professionals [8]. 

However, if the expected results from the therapy are deemed insignificant in relation to the extent and duration of the therapy required, then those services would not be covered [6]. Therefore, coverage is contingent upon the documentation of medical necessity and the potential for improvement in the patient's condition."
baseline,"Can my family member receive coordinated psychiatric care through both a primary care clinic and a hospital, and what are the requirements for this care?",True,False,False,True,1.34,I don't know.
agent,"Can my family member receive coordinated psychiatric care through both a primary care clinic and a hospital, and what are the requirements for this care?",True,False,False,True,6.28,"Yes, your family member can receive coordinated psychiatric care through both a primary care clinic and a hospital. This is facilitated through the Psychiatric Collaborative Care Model (CoCM), which involves a primary care team working in collaboration with a psychiatric consultant to integrate primary health care services with care management support for patients receiving behavioral health treatment [4]. 

The requirements for this care include:

1. **Eligibility**: Patients with mental health, behavioral health, or psychiatric conditions, including substance use disorders, who are being treated by a Rural Health Clinic (RHC) or Federally Qualified Health Center (FQHC) practitioner may be eligible for psychiatric CoCM services [6].

2. **Initiating Visit**: A separately billable initiating visit with an RHC or FQHC primary care practitioner (physician, nurse practitioner, physician assistant, or certified nurse-midwife) is required before psychiatric CoCM services can be furnished. This visit can be an Evaluation and Management (E/M), Annual Wellness Visit (AWV), or Initial Preventive Physical Examination (IPPE) visit, and must occur no more than one year prior to commencing care management services [6].

3. **Consent**: Beneficiary consent to receive care management services must be obtained, which can be either written or verbal, and must be documented in the patient’s medical record before psychiatric CoCM services are provided [6].

4. **Regular Reviews**: The primary care team must regularly review the beneficiary’s treatment plan and status with the psychiatric consultant and maintain or adjust treatment as needed [4].

These steps ensure that the care is coordinated effectively between the primary care clinic and the hospital."
baseline,Can a physician assistant provide services in a rural health clinic and get paid directly by Medicare?,True,True,True,True,1.33,"No, a physician assistant (PA) cannot enroll in and be paid directly for Part B services in a rural health clinic (RHC) according to Section 1842(b)(6)(C) of the Act. The only exception is if the PA is the owner of the RHC, in which case Medicare may directly pay the PA [3]."
agent,Can a physician assistant provide services in a rural health clinic and get paid directly by Medicare?,True,True,True,True,3.84,"Yes, a physician assistant (PA) can provide services in a rural health clinic (RHC) and get paid directly by Medicare, but there are specific conditions. According to the Balanced Budget Act (BBA), Section 4205(d)(3)(B), Medicare can directly pay a PA if the PA is the owner of the RHC. However, generally, Section 1842(b)(6)(C) of the Act prohibits PAs from enrolling in and being paid directly for Part B services unless this exception applies [5]."
baseline,Can a hospital bill Medicare for therapy services provided to someone staying in a nursing home after a hospital stay?,True,True,False,True,1.21,"No, a hospital may not bill Medicare for therapy services provided to residents of a Medicare-certified part of a skilled nursing facility (SNF) after a hospital stay. Therapy services furnished to SNF residents must be billed by the SNF, not the hospital, as per the SNF consolidated billing rules [2]."
agent,Can a hospital bill Medicare for therapy services provided to someone staying in a nursing home after a hospital stay?,True,True,True,True,5.1,"A hospital may not bill Medicare for therapy services provided to residents of a Medicare-certified part of a Skilled Nursing Facility (SNF) by its therapists, as those services must be billed by the SNF under consolidated billing rules [2]. If the resident is in a covered Part A stay, the therapy services are included in the SNF’s global payment for that stay [2]. However, if the resident is in a noncovered stay (e.g., Part A benefits exhausted), the SNF can submit a Part B therapy bill to its fiscal intermediary [2]. 

In summary, a hospital cannot bill Medicare for therapy services provided to someone in a Medicare-certified part of a SNF, but there are exceptions for noncovered stays where the SNF can bill for Part B therapy services."
baseline,"Can I get a free annual wellness visit at a rural health clinic, and will it cover advice on managing my diabetes?",True,False,False,False,1.01,"You can get a free annual wellness visit if the doctor or health care provider at the rural health clinic accepts assignment [2]. However, the context does not specify whether the annual wellness visit will cover advice on managing diabetes. Therefore, I don't know if it specifically includes that."
agent,"Can I get a free annual wellness visit at a rural health clinic, and will it cover advice on managing my diabetes?",True,True,True,False,10.01,"I couldn't find a fully supported answer in the documents. Closest attempt:

Yes, you can get a free annual wellness visit at a rural health clinic (RHC) if the doctor or other health care provider accepts assignment, and you meet the eligibility criteria [5]. The annual wellness visit can be billed as a stand-alone visit if it is the only medical service provided on that day with an RHC practitioner [8]. 

Regarding diabetes management, while the annual wellness visit itself may not specifically cover diabetes management advice, diabetes self-management training (DSMT) can be provided at RHCs. However, DSMT services are not billable visits in an RHC, but the cost may be allowable on the cost report [4]. Therefore, while you can receive advice on managing your diabetes, it may not be covered as part of the annual wellness visit itself. 

In summary, you can have a free annual wellness visit, and while it may not directly cover diabetes management advice, DSMT services can be available at the RHC under certain conditions."
baseline,Can a veteran who was in a VA hospital and then moved to a nursing home get Medicare to cover their stay after VA benefits run out?,True,True,True,True,1.94,"Yes, a veteran who was in a VA hospital and then moved to a nursing home can get Medicare to cover their stay after VA benefits run out, provided that a physician certifies that the individual still requires skilled nursing care and the necessary qualifying hospital stay and transfer requirements are met [1]."
agent,Can a veteran who was in a VA hospital and then moved to a nursing home get Medicare to cover their stay after VA benefits run out?,True,True,True,True,4.71,"Yes, a veteran who was in a VA hospital and then moved to a skilled nursing facility (SNF) can get Medicare to cover their stay after VA benefits run out. This is contingent upon a physician certifying that the individual still requires skilled nursing care for a condition for which they received inpatient hospital services or which arose while they were being treated in the facility for such a condition. Additionally, the individual must meet the 3-day qualifying hospital stay and 30-day transfer requirements at the time of entrance to the facility [1]. 

If the veteran remains in the SNF until the VA benefits are exhausted, Medicare benefits can begin the day after the VA benefits are exhausted, provided the necessary conditions are met [1]."
baseline,Can my doctor bill for a virtual consultation if I visit a rural health clinic or federally qualified health center?,True,False,False,True,1.75,"Yes, your doctor can bill for a virtual consultation if you visit a rural health clinic (RHC) or federally qualified health center (FQHC), provided certain requirements are met. Specifically, the virtual communication must involve at least 5 minutes of communication by an RHC or FQHC practitioner to a patient who has had a billable visit within the previous year, and the discussion must not be related to any RHC or FQHC service provided within the previous 7 days or lead to a service within the next 24 hours [1]."
agent,Can my doctor bill for a virtual consultation if I visit a rural health clinic or federally qualified health center?,True,False,False,True,5.53,"Yes, your doctor can bill for a virtual consultation if you visit a Rural Health Clinic (RHC) or Federally Qualified Health Center (FQHC), provided certain requirements are met. Specifically, the following conditions must be satisfied:

1. At least 5 minutes of communications-based technology or remote evaluation services must be furnished by an RHC or FQHC practitioner to a patient who has had a billable visit in the RHC or FQHC within the previous year [1].
2. The medical discussion or remote evaluation must be for a condition not related to an RHC or FQHC service provided within the previous 7 days, and it should not lead to an RHC or FQHC service within the next 24 hours or at the soonest available appointment [1].

If the discussion is related to a billable visit within the previous 7 days or leads to a service within the next 24 hours, the cost of the practitioner’s time would be included in the RHC AIR or FQHC PPS payment and would not be separately billable [1]. 

Additionally, beneficiary consent to receive virtual communication services can be obtained under general supervision by auxiliary staff [1]."
baseline,"Can a physician assistant get paid directly by Medicare for services they provide, and are there any special rules if they work in a rural health clinic?",True,True,True,True,2.04,"A physician assistant (PA) cannot enroll in and be paid directly for Part B services by Medicare, with the exception of specific circumstances outlined in the Balanced Budget Act. One such exception allows Medicare to directly pay a PA if the PA is the owner of a rural health clinic (RHC) [3]. 

In general, payment for the services of a PA may only be made to the actual qualified employer of the PA that is eligible to enroll in the Medicare program [4]. Therefore, while PAs cannot bill Medicare directly, there are special rules that apply if they work in a rural health clinic, particularly regarding ownership and payment arrangements [3]."
agent,"Can a physician assistant get paid directly by Medicare for services they provide, and are there any special rules if they work in a rural health clinic?",True,True,True,True,4.91,"A physician assistant (PA) cannot generally get paid directly by Medicare for Part B services. The only exception is if the PA is the owner of a Rural Health Clinic (RHC) [5]. In this case, the PA can be directly paid by Medicare for the services they provide at the RHC, as specified in Section 4205(d)(3)(B) of the Balanced Budget Act [5]. 

Additionally, for PAs working in RHCs, they must meet certain conditions, such as being legally authorized to furnish services in accordance with state law and being supervised by a physician [5][7]. The RHC must also employ an NP or PA and have them working at least 50% of the time the clinic is operating [7]. 

In summary, while PAs typically cannot bill Medicare directly, they can do so if they own an RHC, and they must adhere to specific regulations and supervision requirements."
baseline,"If my family member is staying in a nursing home after a hospital visit, what kind of daily care and personal services can they expect to be covered by Medicare?",True,True,True,True,1.54,"Medicare covers daily skilled care in a skilled nursing facility (SNF) if your family member's doctor certifies that they need it. This includes services like intravenous fluids/medications or therapy that can only be provided in a skilled nursing facility. Additionally, basic personal services that are necessary for hygiene and well-being, such as simple barber and beautician services, may be covered if they are included in the flat rate charge and provided routinely without charge by the facility. However, more elaborate services, like professional manicures or hair styling, are not covered under Medicare [1][3][5]."
agent,"If my family member is staying in a nursing home after a hospital visit, what kind of daily care and personal services can they expect to be covered by Medicare?",True,False,False,True,5.75,"Your family member can expect the following types of daily care and personal services to be covered by Medicare while staying in a skilled nursing facility (SNF) after a hospital visit:

1. **Nursing Care**: This includes nursing care provided by or under the supervision of a registered professional nurse [8].

2. **Bed and Board**: Coverage includes bed and board in connection with the nursing care [8].

3. **Therapy Services**: Physical therapy, occupational therapy, and speech-language pathology services are covered if they are provided by the SNF or by others under arrangements with the facility [8].

4. **Medical Social Services**: These services are also covered [8].

5. **Drugs and Supplies**: Medications, biologicals, supplies, appliances, and equipment that are ordinarily furnished by the facility for the care and treatment of inpatients are covered [8].

6. **Medical Services**: Services provided by an intern or resident-in-training of a hospital with which the facility has a transfer agreement are covered, as well as other diagnostic or therapeutic services provided by such a hospital [8].

However, it is important to note that certain personal services, such as personal laundry services, are not covered by Medicare [1]. Additionally, coverage for nursing care and therapy services depends on the patient's need for skilled care, and not all maintenance programs may qualify for coverage [2]. 

If your family member requires custodial care or if the services are not deemed ""reasonable and necessary,"" those may not be covered as well [6][7]."
baseline,"Can a nurse-midwife provide services in a rural health clinic, and what qualifications do they need?",True,True,True,True,2.46,"Yes, a nurse-midwife can provide services in a rural health clinic (RHC). To be eligible, the clinic must employ a nurse-midwife (CNM) who works at the clinic at least 50 percent of the time it is operating as an RHC [4]. 

As for qualifications, a certified nurse-midwife must be currently licensed to practice as a registered professional nurse in the State and meet one of the following requirements: 
1. Be legally authorized under State law or regulations to practice as a nurse-midwife and have completed a program of study and clinical experience for nurse-midwives, as specified by the State; or 
2. If the State does not specify a program, the nurse-midwife must be currently certified by the American College of Nurse-Midwives and have completed a formal education program that qualifies them to take the certification examination [2]."
agent,"Can a nurse-midwife provide services in a rural health clinic, and what qualifications do they need?",True,False,False,False,9.66,"I couldn't find a fully supported answer in the documents. Closest attempt:

The context does not explicitly state whether a nurse-midwife can provide services in a rural health clinic (RHC). However, it does mention that RHC services may include services from certified nurse-midwives (CNM) among other providers [5]. 

Regarding qualifications, a nurse-midwife must be currently licensed to practice in the State as a registered professional nurse and meet one of the following requirements: 
1. Be legally authorized under State law or regulations to practice as a nurse-midwife and have completed a program of study and clinical experience for nurse-midwives, as specified by the State; or 
2. If the State does not specify a program of study and clinical experience, the nurse-midwife must be currently certified by the American College of Nurse-Midwives and have completed a formal education program that qualifies them to take the certification examination [2].

In summary, while the context indicates that nurse-midwives can provide services in RHCs, it does not provide specific details on the qualifications required for that setting."
baseline,"If I have TRICARE or CHAMPVA and I'm becoming eligible for Medicare, do I need to sign up for Medicare Part B to keep my current benefits?",True,True,False,True,1.43,"If you have TRICARE, you generally must sign up for Medicare Part A and Part B when you’re first eligible to keep your TRICARE coverage, except if you are an active-duty service member or an active-duty family member, in which case you do not have to sign up for Part B. If you have CHAMPVA coverage, you must sign up for both Part A and Part B to keep it [1][2]."
agent,"If I have TRICARE or CHAMPVA and I'm becoming eligible for Medicare, do I need to sign up for Medicare Part B to keep my current benefits?",True,True,False,True,4.43,"If you have TRICARE, you generally must sign up for Medicare Part A and Part B when you’re first eligible to keep your TRICARE coverage, except if you are an active-duty service member or an active-duty family member, in which case you do not have to sign up for Part B to retain your TRICARE coverage [1]. 

For CHAMPVA coverage, you must sign up for both Part A and Part B to maintain your benefits [1]. 

Additionally, if a TRICARE/CHAMPVA beneficiary qualifies for Medicare Part A on any basis and does not enroll in Medicare Part B, they will lose their entitlement to TRICARE/CHAMPVA, unless they are active-duty members [2][4]. 

In summary:
- **TRICARE**: Must enroll in Part B unless active-duty.
- **CHAMPVA**: Must enroll in both Part A and Part B."
baseline,Can a hospital bill Medicare for therapy services provided by an aide or assistant under a doctor's supervision?,True,True,True,True,1.04,"No, services provided by aides, even if under the supervision of a therapist, are not considered therapy services and are not covered by Medicare. Therefore, they cannot be billed as therapy services to Medicare [1]."
agent,Can a hospital bill Medicare for therapy services provided by an aide or assistant under a doctor's supervision?,True,True,True,True,3.87,"No, a hospital cannot bill Medicare for therapy services provided by an aide or assistant, even if under a doctor's supervision. Services provided by aides are not considered therapy services and are not covered by Medicare. If billed as therapy services, they will be denied as not reasonable and necessary [3]."
baseline,"Can Medicare cover intensive outpatient mental health treatment, and what are the requirements for this coverage?",True,True,False,True,2.25,"Yes, Medicare can cover intensive outpatient mental health treatment. The coverage is available for Intensive Outpatient Program (IOP) services when they are furnished by hospital outpatient departments, Community Mental Health Centers (CMHCs), Rural Health Clinics (RHCs), and Federally Qualified Health Centers (FQHCs) [4]. 

The requirements for this coverage include:

1. The individual must have an acute mental illness, which can include conditions such as depression, schizophrenia, and substance use disorders [4].
2. The patient must need more intensive treatment than what is provided by standard outpatient services but less intensive treatment than what is provided by Partial Hospitalization Programs (PHP) [5].
3. There must be evidence of the need for the acute, intense, structured combination of services provided by an IOP, and recertification must address the continuing serious nature of the patient's psychiatric condition requiring active treatment in an IOP [5]. 

Additionally, the patient may benefit from IOP services if their care plan states they require at least 9 hours of therapeutic services per week [1]."
agent,"Can Medicare cover intensive outpatient mental health treatment, and what are the requirements for this coverage?",True,True,True,True,5.43,"Yes, Medicare can cover intensive outpatient mental health treatment through Intensive Outpatient Program (IOP) services. The requirements for this coverage include:

1. **Setting**: IOP services must be provided by hospital outpatient departments, Community Mental Health Centers (CMHCs), Rural Health Clinics (RHCs), or Federally Qualified Health Centers (FQHCs) [6].

2. **Eligibility**: Individuals must have an acute mental illness, which can include conditions such as depression, schizophrenia, and substance use disorders [6].

3. **Care Plan**: The patient's care plan must indicate the need for at least 9 hours of therapeutic services per week [1].

4. **Documentation**: There must be evidence of the need for the acute, intense, structured combination of services provided by an IOP, and recertification must address the continuing serious nature of the patient's psychiatric condition requiring active treatment in an IOP [4].

5. **Exclusions**: Coverage may be denied for patients who cannot or refuse to participate in active treatment due to their behavioral or cognitive status, or for treatment of chronic conditions without acute exacerbation of symptoms [3].

6. **Cost**: Generally, the patient pays 20% of the Medicare-approved amount, and the Part B deductible applies for mental health care services [1].

These requirements ensure that the services provided are medically necessary and appropriate for the patient's condition."
baseline,Can my Medicare card be used to pay for my dog's vet bills?,False,True,True,True,0.73,I don't know.
agent,Can my Medicare card be used to pay for my dog's vet bills?,False,False,False,True,3.79,"The context does not contain any information regarding the use of a Medicare card for paying for pet-related expenses, including veterinary bills. Therefore, I cannot provide an answer to that part of the question. 

However, it is important to note that Medicare generally covers only medically necessary services and supplies for human patients, not for pets or animals. Thus, it is highly unlikely that a Medicare card could be used for veterinary services."
baseline,What is the Medicare Part B premium going to be in 2035?,False,True,True,True,0.72,I don't know.
agent,What is the Medicare Part B premium going to be in 2035?,False,False,False,True,4.51,"The context does not provide information about the Medicare Part B premium for 2035. It only mentions the standard Part B premium amount for 2026, which is $202.90 [2]. Therefore, I cannot answer the question regarding the premium for 2035."
baseline,Which hospital in New Jersey has the shortest ER wait time?,False,True,True,True,0.72,I don't know.
agent,Which hospital in New Jersey has the shortest ER wait time?,False,True,True,True,3.36,I could not find any information regarding which hospital in New Jersey has the shortest ER wait time in the provided context.
baseline,Will Medicare pay for my gym membership if I'm under 65 and healthy?,False,True,True,True,0.78,I don't know.
agent,Will Medicare pay for my gym membership if I'm under 65 and healthy?,False,True,True,True,4.5,"The context does not provide information regarding Medicare coverage for gym memberships, particularly for individuals under 65 and healthy. Therefore, I cannot find any relevant details to answer that part of your question."
baseline,How much did CMS spend on its website redesign?,False,True,True,True,0.82,I don't know.
agent,How much did CMS spend on its website redesign?,False,True,True,True,3.52,I could not find any information regarding how much CMS spent on its website redesign in the provided context.
